Name,Threads,Optimization,Time,N
var714,1,O0,0.020000,66
var714,1,O3,0.000000,66
var714,1,O2,0.010000,66
var714,1,O1,0.010000,66
var714,1,Ofast,0.000000,66
var714,2,Ofast,0.000000,66
var714,2,O1,0.010000,66
var714,2,O2,0.010000,66
var714,2,O0,0.020000,66
var714,2,O3,0.000000,66
var714,3,Ofast,0.000000,66
var714,3,O2,0.010000,66
var714,3,O0,0.020000,66
var714,3,O3,0.000000,66
var714,3,O1,0.010000,66
var714,4,Ofast,0.000000,66
var714,4,O1,0.010000,66
var714,4,O0,0.020000,66
var714,4,O2,0.010000,66
var714,4,O3,0.000000,66
var714,5,O1,0.010000,66
var714,5,O2,0.010000,66
var714,5,Ofast,0.000000,66
var714,5,O0,0.020000,66
var714,5,O3,0.000000,66
var714,6,O3,0.000000,66
var714,6,O0,0.020000,66
var714,6,Ofast,0.000000,66
var714,6,O1,0.010000,66
var714,6,O2,0.010000,66
var714,7,O3,0.000000,66
var714,7,O1,0.010000,66
var714,7,O0,0.020000,66
var714,7,O2,0.010000,66
var714,7,Ofast,0.000000,66
var714,8,O0,0.020000,66
var714,8,O2,0.010000,66
var714,8,O3,0.000000,66
var714,8,Ofast,0.000000,66
var714,8,O1,0.010000,66
var714,9,O0,0.020000,66
var714,9,Ofast,0.000000,66
var714,9,O2,0.010000,66
var714,9,O3,0.000000,66
var714,9,O1,0.010000,66
var714,10,O2,0.010000,66
var714,10,Ofast,0.000000,66
var714,10,O3,0.000000,66
var714,10,O1,0.010000,66
var714,10,O0,0.020000,66
var714,20,Ofast,0.000000,66
var714,20,O3,0.000000,66
var714,20,O0,0.020000,66
var714,20,O2,0.010000,66
var714,20,O1,0.010000,66
var714,40,Ofast,0.000000,66
var714,40,O0,0.020000,66
var714,40,O2,0.010000,66
var714,40,O1,0.010000,66
var714,40,O3,0.000000,66
var714,60,O2,0.010000,66
var714,60,O0,0.030000,66
var714,60,O3,0.000000,66
var714,60,O1,0.010000,66
var714,60,Ofast,0.000000,66
var714,80,O1,0.000000,66
var714,80,O2,0.010000,66
var714,80,O0,0.020000,66
var714,80,O3,0.000000,66
var714,80,Ofast,0.000000,66
var714,100,O0,0.020000,66
var714,100,Ofast,0.000000,66
var714,100,O3,0.000000,66
var714,100,O1,0.010000,66
var714,100,O2,0.010000,66
var714,120,O3,0.000000,66
var714,120,Ofast,0.000000,66
var714,120,O2,0.010000,66
var714,120,O0,0.020000,66
var714,120,O1,0.010000,66
var714,140,O2,0.010000,66
var714,140,O1,0.010000,66
var714,140,Ofast,0.000000,66
var714,140,O3,0.000000,66
var714,140,O0,0.020000,66
var714_parallel,1,O0,0.021214,66
var714_parallel,1,O1,0.015089,66
var714_parallel,1,O3,0.011040,66
var714_parallel,1,Ofast,0.004806,66
var714_parallel,1,O2,0.015422,66
var714_parallel,2,Ofast,0.002680,66
var714_parallel,2,O1,0.007740,66
var714_parallel,2,O0,0.010464,66
var714_parallel,2,O3,0.006267,66
var714_parallel,2,O2,0.007941,66
var714_parallel,3,O1,0.006217,66
var714_parallel,3,Ofast,0.003729,66
var714_parallel,3,O2,0.006286,66
var714_parallel,3,O3,0.005232,66
var714_parallel,3,O0,0.010350,66
var714_parallel,4,Ofast,0.004204,66
var714_parallel,4,O3,0.005089,66
var714_parallel,4,O2,0.005852,66
var714_parallel,4,O1,0.005945,66
var714_parallel,4,O0,0.009141,66
var714_parallel,5,O2,0.007069,66
var714_parallel,5,O3,0.005457,66
var714_parallel,5,O1,0.005266,66
var714_parallel,5,Ofast,0.004252,66
var714_parallel,5,O0,0.007955,66
var714_parallel,6,O3,0.004595,66
var714_parallel,6,Ofast,0.004641,66
var714_parallel,6,O2,0.004951,66
var714_parallel,6,O1,0.005018,66
var714_parallel,6,O0,0.008636,66
var714_parallel,7,O0,0.008927,66
var714_parallel,7,O3,0.005189,66
var714_parallel,7,Ofast,0.004224,66
var714_parallel,7,O1,0.004946,66
var714_parallel,7,O2,0.006113,66
var714_parallel,8,O0,0.008342,66
var714_parallel,8,O1,0.006066,66
var714_parallel,8,O3,0.005084,66
var714_parallel,8,O2,0.005263,66
var714_parallel,8,Ofast,0.004619,66
var714_parallel,9,O2,0.005959,66
var714_parallel,9,Ofast,0.004723,66
var714_parallel,9,O1,0.006415,66
var714_parallel,9,O0,0.009184,66
var714_parallel,9,O3,0.005009,66
var714_parallel,10,Ofast,0.005126,66
var714_parallel,10,O0,0.006598,66
var714_parallel,10,O3,0.005142,66
var714_parallel,10,O2,0.005779,66
var714_parallel,10,O1,0.007675,66
var714_parallel,20,O0,0.007614,66
var714_parallel,20,Ofast,0.005631,66
var714_parallel,20,O2,0.006544,66
var714_parallel,20,O3,0.005837,66
var714_parallel,20,O1,0.006797,66
var714_parallel,40,O3,0.008071,66
var714_parallel,40,O0,0.010539,66
var714_parallel,40,O2,0.045821,66
var714_parallel,40,O1,0.010880,66
var714_parallel,40,Ofast,0.007827,66
var714_parallel,60,O0,0.448423,66
var714_parallel,60,O2,0.012668,66
var714_parallel,60,O1,0.023583,66
var714_parallel,60,O3,0.148428,66
var714_parallel,60,Ofast,0.010662,66
var714_parallel,80,O3,0.054714,66
var714_parallel,80,O0,0.145446,66
var714_parallel,80,O1,0.076070,66
var714_parallel,80,O2,0.075197,66
var714_parallel,80,Ofast,0.054106,66
var714_parallel,100,O1,0.274325,66
var714_parallel,100,O0,0.305374,66
var714_parallel,100,O3,0.090612,66
var714_parallel,100,Ofast,0.284966,66
var714_parallel,100,O2,0.341879,66
var714_parallel,120,O0,0.389489,66
var714_parallel,120,O3,0.324797,66
var714_parallel,120,Ofast,0.313543,66
var714_parallel,120,O2,0.647440,66
var714_parallel,120,O1,0.579655,66
var714_parallel,140,O2,0.607130,66
var714_parallel,140,O1,0.588614,66
var714_parallel,140,O0,0.603827,66
var714_parallel,140,O3,0.590245,66
var714_parallel,140,Ofast,0.607504,66
var714_parallel_task,1,O0,0.024751,66
var714_parallel_task,1,Ofast,0.008028,66
var714_parallel_task,1,O1,0.018683,66
var714_parallel_task,1,O2,0.018778,66
var714_parallel_task,1,O3,0.014304,66
var714_parallel_task,2,O1,0.012815,66
var714_parallel_task,2,O3,0.011796,66
var714_parallel_task,2,O2,0.012643,66
var714_parallel_task,2,O0,0.019447,66
var714_parallel_task,2,Ofast,0.011189,66
var714_parallel_task,3,Ofast,0.013654,66
var714_parallel_task,3,O3,0.015641,66
var714_parallel_task,3,O0,0.017521,66
var714_parallel_task,3,O1,0.015407,66
var714_parallel_task,3,O2,0.011389,66
var714_parallel_task,4,O1,0.019350,66
var714_parallel_task,4,O0,0.016537,66
var714_parallel_task,4,O3,0.012654,66
var714_parallel_task,4,Ofast,0.025170,66
var714_parallel_task,4,O2,0.022634,66
var714_parallel_task,5,O1,0.027415,66
var714_parallel_task,5,O0,0.017207,66
var714_parallel_task,5,O3,0.025335,66
var714_parallel_task,5,O2,0.027280,66
var714_parallel_task,5,Ofast,0.025843,66
var714_parallel_task,6,O1,0.031201,66
var714_parallel_task,6,O0,0.025644,66
var714_parallel_task,6,O3,0.024636,66
var714_parallel_task,6,O2,0.031365,66
var714_parallel_task,6,Ofast,0.032978,66
var714_parallel_task,7,O0,0.028014,66
var714_parallel_task,7,O1,0.023281,66
var714_parallel_task,7,O2,0.033281,66
var714_parallel_task,7,O3,0.035151,66
var714_parallel_task,7,Ofast,0.031122,66
var714_parallel_task,8,Ofast,0.033878,66
var714_parallel_task,8,O3,0.032711,66
var714_parallel_task,8,O1,0.039902,66
var714_parallel_task,8,O2,0.033582,66
var714_parallel_task,8,O0,0.036683,66
var714_parallel_task,9,O1,0.044366,66
var714_parallel_task,9,O0,0.042492,66
var714_parallel_task,9,Ofast,0.044239,66
var714_parallel_task,9,O2,0.045223,66
var714_parallel_task,9,O3,0.043672,66
var714_parallel_task,10,Ofast,0.045095,66
var714_parallel_task,10,O3,0.038350,66
var714_parallel_task,10,O2,0.041001,66
var714_parallel_task,10,O1,0.042892,66
var714_parallel_task,10,O0,0.048715,66
var714_parallel_task,20,O1,0.089559,66
var714_parallel_task,20,O3,0.100419,66
var714_parallel_task,20,O0,0.098117,66
var714_parallel_task,20,O2,0.101163,66
var714_parallel_task,20,Ofast,0.090553,66
var714_parallel_task,40,O0,0.219038,66
var714_parallel_task,40,O2,0.212855,66
var714_parallel_task,40,O3,0.258160,66
var714_parallel_task,40,Ofast,0.387968,66
var714_parallel_task,40,O1,0.234337,66
var714_parallel_task,60,O3,0.361324,66
var714_parallel_task,60,O1,0.370214,66
var714_parallel_task,60,Ofast,0.641418,66
var714_parallel_task,60,O0,0.387234,66
var714_parallel_task,60,O2,0.297130,66
var714_parallel_task,80,O0,0.452439,66
var714_parallel_task,80,O3,0.427605,66
var714_parallel_task,80,Ofast,0.480726,66
var714_parallel_task,80,O2,0.430390,66
var714_parallel_task,80,O1,0.451860,66
var714_parallel_task,100,O1,0.962170,66
var714_parallel_task,100,O0,0.895741,66
var714_parallel_task,100,Ofast,0.839999,66
var714_parallel_task,100,O2,0.873359,66
var714_parallel_task,100,O3,0.852895,66
var714_parallel_task,120,O0,1.141974,66
var714_parallel_task,120,Ofast,1.117535,66
var714_parallel_task,120,O2,1.097998,66
var714_parallel_task,120,O3,1.099481,66
var714_parallel_task,120,O1,1.129277,66
var714_parallel_task,140,O3,1.280863,66
var714_parallel_task,140,O1,1.284440,66
var714_parallel_task,140,Ofast,1.340380,66
var714_parallel_task,140,O2,1.291548,66
var714_parallel_task,140,O0,1.197181,66
var714,1,O0,119.610000,4096
var714,1,O3,35.610000,4096
var714,1,O2,46.950000,4096
var714,1,O1,47.830000,4096
var714,1,Ofast,25.800000,4096
var714,2,Ofast,23.260000,4096
var714,2,O1,47.060000,4096
var714,2,O2,46.490000,4096
var714,2,O0,112.330000,4096
var714,2,O3,36.450000,4096
var714,3,Ofast,26.970000,4096
var714,3,O2,47.480000,4096
var714,3,O0,120.730000,4096
var714,3,O3,37.390000,4096
var714,3,O1,47.710000,4096
var714,4,Ofast,24.700000,4096
var714,4,O1,47.800000,4096
var714,4,O0,117.460000,4096
var714,4,O2,47.030000,4096
var714,4,O3,37.180000,4096
var714,5,O1,48.710000,4096
var714,5,O2,47.790000,4096
var714,5,Ofast,24.690000,4096
var714,5,O0,125.300000,4096
var714,5,O3,37.410000,4096
var714,6,O3,38.120000,4096
var714,6,O0,128.760000,4096
var714,6,Ofast,24.990000,4096
var714,6,O1,48.250000,4096
var714,6,O2,47.370000,4096
var714,7,O3,37.930000,4096
var714,7,O1,49.710000,4096
var714,7,O0,115.800000,4096
var714,7,O2,47.830000,4096
var714,7,Ofast,24.230000,4096
var714,8,O0,127.070000,4096
var714,8,O2,50.030000,4096
var714,8,O3,39.590000,4096
var714,8,Ofast,21.730000,4096
var714,8,O1,47.140000,4096
var714,9,O0,138.560000,4096
var714,9,Ofast,23.500000,4096
var714,9,O2,45.860000,4096
var714,9,O3,42.820000,4096
var714,9,O1,59.560000,4096
var714,10,O2,50.630000,4096
var714,10,Ofast,32.690000,4096
var714,10,O3,39.020000,4096
var714,10,O1,55.610000,4096
var714,10,O0,112.930000,4096
var714,20,Ofast,26.700000,4096
var714,20,O3,44.550000,4096
var714,20,O0,136.740000,4096
var714,20,O2,52.360000,4096
var714,20,O1,57.320000,4096
var714,40,Ofast,26.680000,4096
var714,40,O0,129.150000,4096
var714,40,O2,56.310000,4096
var714,40,O1,53.260000,4096
var714,40,O3,48.570000,4096
var714,60,O2,51.730000,4096
var714,60,O0,129.340000,4096
var714,60,O3,40.530000,4096
var714,60,O1,55.340000,4096
var714,60,Ofast,25.280000,4096
var714,80,O1,50.610000,4096
var714,80,O2,46.770000,4096
var714,80,O0,128.520000,4096
var714,80,O3,37.510000,4096
var714,80,Ofast,26.050000,4096
var714,100,O0,110.790000,4096
var714,100,Ofast,24.560000,4096
var714,100,O3,36.080000,4096
var714,100,O1,47.820000,4096
var714,100,O2,47.540000,4096
var714,120,O3,36.940000,4096
var714,120,Ofast,22.210000,4096
var714,120,O2,46.290000,4096
var714,120,O0,115.410000,4096
var714,120,O1,48.670000,4096
var714,140,O2,47.080000,4096
var714,140,O1,49.220000,4096
var714,140,Ofast,24.640000,4096
var714,140,O3,36.120000,4096
var714,140,O0,121.670000,4096
var714_parallel,1,O0,82.800348,4096
var714_parallel,1,O1,68.123900,4096
var714_parallel,1,O3,47.880040,4096
var714_parallel,1,Ofast,22.867587,4096
var714_parallel,1,O2,68.089316,4096
var714_parallel,2,Ofast,11.463655,4096
var714_parallel,2,O1,34.072071,4096
var714_parallel,2,O0,40.754240,4096
var714_parallel,2,O3,23.996607,4096
var714_parallel,2,O2,34.109005,4096
var714_parallel,3,O1,22.763379,4096
var714_parallel,3,Ofast,7.955580,4096
var714_parallel,3,O2,22.841055,4096
var714_parallel,3,O3,16.130699,4096
var714_parallel,3,O0,27.245504,4096
var714_parallel,4,Ofast,6.041814,4096
var714_parallel,4,O3,12.332254,4096
var714_parallel,4,O2,17.171616,4096
var714_parallel,4,O1,17.124554,4096
var714_parallel,4,O0,21.850954,4096
var714_parallel,5,O2,15.544706,4096
var714_parallel,5,O3,9.744451,4096
var714_parallel,5,O1,13.898403,4096
var714_parallel,5,Ofast,4.945361,4096
var714_parallel,5,O0,19.757040,4096
var714_parallel,6,O3,8.644297,4096
var714_parallel,6,Ofast,4.066876,4096
var714_parallel,6,O2,11.514632,4096
var714_parallel,6,O1,12.311092,4096
var714_parallel,6,O0,20.381111,4096
var714_parallel,7,O0,18.700221,4096
var714_parallel,7,O3,7.079460,4096
var714_parallel,7,Ofast,3.603164,4096
var714_parallel,7,O1,11.268001,4096
var714_parallel,7,O2,10.112653,4096
var714_parallel,8,O0,25.526684,4096
var714_parallel,8,O1,11.212881,4096
var714_parallel,8,O3,6.215235,4096
var714_parallel,8,O2,10.939335,4096
var714_parallel,8,Ofast,4.749799,4096
var714_parallel,9,O2,10.581166,4096
var714_parallel,9,Ofast,4.947180,4096
var714_parallel,9,O1,7.982191,4096
var714_parallel,9,O0,20.662880,4096
var714_parallel,9,O3,5.445667,4096
var714_parallel,10,Ofast,4.976583,4096
var714_parallel,10,O0,26.017328,4096
var714_parallel,10,O3,6.475356,4096
var714_parallel,10,O2,8.383484,4096
var714_parallel,10,O1,8.976343,4096
var714_parallel,20,O0,22.857672,4096
var714_parallel,20,Ofast,4.735026,4096
var714_parallel,20,O2,8.169796,4096
var714_parallel,20,O3,4.311474,4096
var714_parallel,20,O1,7.501164,4096
var714_parallel,40,O3,5.392927,4096
var714_parallel,40,O0,13.454391,4096
var714_parallel,40,O2,3.944267,4096
var714_parallel,40,O1,5.394093,4096
var714_parallel,40,Ofast,3.153788,4096
var714_parallel,60,O0,6.676582,4096
var714_parallel,60,O2,3.469843,4096
var714_parallel,60,O1,3.924079,4096
var714_parallel,60,O3,3.183587,4096
var714_parallel,60,Ofast,3.170954,4096
var714_parallel,80,O3,4.202379,4096
var714_parallel,80,O0,6.502817,4096
var714_parallel,80,O1,3.873256,4096
var714_parallel,80,O2,3.638704,4096
var714_parallel,80,Ofast,3.732425,4096
var714_parallel,100,O1,3.424931,4096
var714_parallel,100,O0,6.069614,4096
var714_parallel,100,O3,3.588692,4096
var714_parallel,100,Ofast,2.641544,4096
var714_parallel,100,O2,3.526828,4096
var714_parallel,120,O0,6.041761,4096
var714_parallel,120,O3,3.648241,4096
var714_parallel,120,Ofast,2.953290,4096
var714_parallel,120,O2,4.011715,4096
var714_parallel,120,O1,3.594861,4096
var714_parallel,140,O2,3.952823,4096
var714_parallel,140,O1,3.820731,4096
var714_parallel,140,O0,4.903531,4096
var714_parallel,140,O3,4.052120,4096
var714_parallel,140,Ofast,3.557967,4096
var714_parallel_task,1,O0,92.592707,4096
var714_parallel_task,1,Ofast,23.055266,4096
var714_parallel_task,1,O1,68.131271,4096
var714_parallel_task,1,O2,68.179201,4096
var714_parallel_task,1,O3,47.988929,4096
var714_parallel_task,2,O1,34.761956,4096
var714_parallel_task,2,O3,24.817633,4096
var714_parallel_task,2,O2,34.746661,4096
var714_parallel_task,2,O0,46.484692,4096
var714_parallel_task,2,Ofast,12.210102,4096
var714_parallel_task,3,Ofast,12.392977,4096
var714_parallel_task,3,O3,21.515619,4096
var714_parallel_task,3,O0,37.909264,4096
var714_parallel_task,3,O1,27.099732,4096
var714_parallel_task,3,O2,27.156591,4096
var714_parallel_task,4,O1,21.408262,4096
var714_parallel_task,4,O0,32.069641,4096
var714_parallel_task,4,O3,17.373034,4096
var714_parallel_task,4,Ofast,11.161556,4096
var714_parallel_task,4,O2,21.284979,4096
var714_parallel_task,5,O1,18.360072,4096
var714_parallel_task,5,O0,30.406776,4096
var714_parallel_task,5,O3,15.645835,4096
var714_parallel_task,5,O2,19.024277,4096
var714_parallel_task,5,Ofast,10.118185,4096
var714_parallel_task,6,O1,16.885340,4096
var714_parallel_task,6,O0,28.014101,4096
var714_parallel_task,6,O3,14.088075,4096
var714_parallel_task,6,O2,16.958647,4096
var714_parallel_task,6,Ofast,9.282721,4096
var714_parallel_task,7,O0,24.165181,4096
var714_parallel_task,7,O1,16.079022,4096
var714_parallel_task,7,O2,15.884136,4096
var714_parallel_task,7,O3,13.444269,4096
var714_parallel_task,7,Ofast,9.247293,4096
var714_parallel_task,8,Ofast,9.047344,4096
var714_parallel_task,8,O3,12.708115,4096
var714_parallel_task,8,O1,15.879136,4096
var714_parallel_task,8,O2,14.878019,4096
var714_parallel_task,8,O0,25.930025,4096
var714_parallel_task,9,O1,16.860818,4096
var714_parallel_task,9,O0,17.981546,4096
var714_parallel_task,9,Ofast,9.703031,4096
var714_parallel_task,9,O2,16.592747,4096
var714_parallel_task,9,O3,11.895940,4096
var714_parallel_task,10,Ofast,11.364396,4096
var714_parallel_task,10,O3,13.334002,4096
var714_parallel_task,10,O2,13.244502,4096
var714_parallel_task,10,O1,14.028892,4096
var714_parallel_task,10,O0,28.808970,4096
var714_parallel_task,20,O1,9.575255,4096
var714_parallel_task,20,O3,8.658517,4096
var714_parallel_task,20,O0,20.479493,4096
var714_parallel_task,20,O2,10.701210,4096
var714_parallel_task,20,Ofast,7.098439,4096
var714_parallel_task,40,O0,11.031522,4096
var714_parallel_task,40,O2,9.769277,4096
var714_parallel_task,40,O3,11.001464,4096
var714_parallel_task,40,Ofast,12.804917,4096
var714_parallel_task,40,O1,10.356344,4096
var714_parallel_task,60,O3,14.042164,4096
var714_parallel_task,60,O1,14.509051,4096
var714_parallel_task,60,Ofast,16.622625,4096
var714_parallel_task,60,O0,7.076126,4096
var714_parallel_task,60,O2,13.972727,4096
var714_parallel_task,80,O0,19.805108,4096
var714_parallel_task,80,O3,36.580570,4096
var714_parallel_task,80,Ofast,15.903256,4096
var714_parallel_task,80,O2,37.442977,4096
var714_parallel_task,80,O1,20.810852,4096
var714_parallel_task,100,O1,40.618830,4096
var714_parallel_task,100,O0,45.261065,4096
var714_parallel_task,100,Ofast,51.898657,4096
var714_parallel_task,100,O2,50.505713,4096
var714_parallel_task,100,O3,54.549509,4096
var714_parallel_task,120,O0,68.482882,4096
var714_parallel_task,120,Ofast,66.525046,4096
var714_parallel_task,120,O2,69.890668,4096
var714_parallel_task,120,O3,70.978008,4096
var714_parallel_task,120,O1,67.899294,4096
var714_parallel_task,140,O3,87.033525,4096
var714_parallel_task,140,O1,92.726400,4096
var714_parallel_task,140,Ofast,85.343168,4096
var714_parallel_task,140,O2,84.145681,4096
var714_parallel_task,140,O0,78.707423,4096
var714,1,O0,25.210000,2048
var714,1,O3,8.630000,2048
var714,1,O2,11.190000,2048
var714,1,O1,11.410000,2048
var714,1,Ofast,5.270000,2048
var714,2,Ofast,5.160000,2048
var714,2,O1,11.490000,2048
var714,2,O2,11.220000,2048
var714,2,O0,25.330000,2048
var714,2,O3,8.670000,2048
var714,3,Ofast,5.170000,2048
var714,3,O2,11.250000,2048
var714,3,O0,25.680000,2048
var714,3,O3,8.720000,2048
var714,3,O1,11.510000,2048
var714,4,Ofast,5.220000,2048
var714,4,O1,11.720000,2048
var714,4,O0,25.520000,2048
var714,4,O2,11.280000,2048
var714,4,O3,8.670000,2048
var714,5,O1,11.500000,2048
var714,5,O2,11.330000,2048
var714,5,Ofast,5.320000,2048
var714,5,O0,25.740000,2048
var714,5,O3,8.770000,2048
var714,6,O3,8.760000,2048
var714,6,O0,25.790000,2048
var714,6,Ofast,5.260000,2048
var714,6,O1,11.550000,2048
var714,6,O2,11.270000,2048
var714,7,O3,8.830000,2048
var714,7,O1,11.690000,2048
var714,7,O0,25.970000,2048
var714,7,O2,11.240000,2048
var714,7,Ofast,5.250000,2048
var714,8,O0,25.940000,2048
var714,8,O2,11.240000,2048
var714,8,O3,8.710000,2048
var714,8,Ofast,5.220000,2048
var714,8,O1,11.750000,2048
var714,9,O0,25.650000,2048
var714,9,Ofast,5.340000,2048
var714,9,O2,11.210000,2048
var714,9,O3,8.810000,2048
var714,9,O1,11.750000,2048
var714,10,O2,11.390000,2048
var714,10,Ofast,5.590000,2048
var714,10,O3,8.900000,2048
var714,10,O1,11.650000,2048
var714,10,O0,26.350000,2048
var714,20,Ofast,5.300000,2048
var714,20,O3,8.800000,2048
var714,20,O0,27.060000,2048
var714,20,O2,11.290000,2048
var714,20,O1,11.980000,2048
var714,40,Ofast,6.850000,2048
var714,40,O0,27.570000,2048
var714,40,O2,11.660000,2048
var714,40,O1,11.430000,2048
var714,40,O3,8.630000,2048
var714,60,O2,11.370000,2048
var714,60,O0,26.090000,2048
var714,60,O3,9.730000,2048
var714,60,O1,11.430000,2048
var714,60,Ofast,6.940000,2048
var714,80,O1,11.420000,2048
var714,80,O2,11.170000,2048
var714,80,O0,25.500000,2048
var714,80,O3,8.650000,2048
var714,80,Ofast,5.180000,2048
var714,100,O0,25.240000,2048
var714,100,Ofast,5.200000,2048
var714,100,O3,8.640000,2048
var714,100,O1,11.420000,2048
var714,100,O2,11.170000,2048
var714,120,O3,8.660000,2048
var714,120,Ofast,5.190000,2048
var714,120,O2,11.170000,2048
var714,120,O0,25.230000,2048
var714,120,O1,11.420000,2048
var714,140,O2,11.170000,2048
var714,140,O1,11.420000,2048
var714,140,Ofast,5.170000,2048
var714,140,O3,8.650000,2048
var714,140,O0,25.260000,2048
var714_parallel,1,O0,19.250387,2048
var714_parallel,1,O1,16.981960,2048
var714_parallel,1,O3,11.845159,2048
var714_parallel,1,Ofast,5.193021,2048
var714_parallel,1,O2,16.842908,2048
var714_parallel,2,Ofast,2.646448,2048
var714_parallel,2,O1,8.548731,2048
var714_parallel,2,O0,9.788014,2048
var714_parallel,2,O3,5.968742,2048
var714_parallel,2,O2,8.460977,2048
var714_parallel,3,O1,5.691408,2048
var714_parallel,3,Ofast,1.808279,2048
var714_parallel,3,O2,5.691066,2048
var714_parallel,3,O3,4.011157,2048
var714_parallel,3,O0,6.549005,2048
var714_parallel,4,Ofast,1.403027,2048
var714_parallel,4,O3,3.024656,2048
var714_parallel,4,O2,4.321631,2048
var714_parallel,4,O1,4.335231,2048
var714_parallel,4,O0,5.101852,2048
var714_parallel,5,O2,3.477270,2048
var714_parallel,5,O3,2.444958,2048
var714_parallel,5,O1,3.486202,2048
var714_parallel,5,Ofast,1.123765,2048
var714_parallel,5,O0,4.904500,2048
var714_parallel,6,O3,2.044000,2048
var714_parallel,6,Ofast,1.052129,2048
var714_parallel,6,O2,2.935645,2048
var714_parallel,6,O1,2.940920,2048
var714_parallel,6,O0,4.348292,2048
var714_parallel,7,O0,4.300994,2048
var714_parallel,7,O3,1.748678,2048
var714_parallel,7,Ofast,0.958265,2048
var714_parallel,7,O1,2.530630,2048
var714_parallel,7,O2,2.492306,2048
var714_parallel,8,O0,3.268440,2048
var714_parallel,8,O1,2.263060,2048
var714_parallel,8,O3,1.642948,2048
var714_parallel,8,O2,2.188407,2048
var714_parallel,8,Ofast,0.797525,2048
var714_parallel,9,O2,1.953854,2048
var714_parallel,9,Ofast,0.687052,2048
var714_parallel,9,O1,2.011243,2048
var714_parallel,9,O0,3.606085,2048
var714_parallel,9,O3,1.373994,2048
var714_parallel,10,Ofast,0.715876,2048
var714_parallel,10,O0,4.075692,2048
var714_parallel,10,O3,1.250601,2048
var714_parallel,10,O2,1.786139,2048
var714_parallel,10,O1,1.897575,2048
var714_parallel,20,O0,3.510410,2048
var714_parallel,20,Ofast,0.463740,2048
var714_parallel,20,O2,1.056398,2048
var714_parallel,20,O3,0.811296,2048
var714_parallel,20,O1,1.143635,2048
var714_parallel,40,O3,0.680644,2048
var714_parallel,40,O0,2.288597,2048
var714_parallel,40,O2,0.748022,2048
var714_parallel,40,O1,1.231661,2048
var714_parallel,40,Ofast,0.419436,2048
var714_parallel,60,O0,1.609781,2048
var714_parallel,60,O2,0.870421,2048
var714_parallel,60,O1,0.830299,2048
var714_parallel,60,O3,1.716322,2048
var714_parallel,60,Ofast,0.686274,2048
var714_parallel,80,O3,0.940549,2048
var714_parallel,80,O0,1.555135,2048
var714_parallel,80,O1,0.882834,2048
var714_parallel,80,O2,1.019589,2048
var714_parallel,80,Ofast,0.710065,2048
var714_parallel,100,O1,0.987173,2048
var714_parallel,100,O0,1.517261,2048
var714_parallel,100,O3,0.907961,2048
var714_parallel,100,Ofast,0.886067,2048
var714_parallel,100,O2,0.906153,2048
var714_parallel,120,O0,1.426730,2048
var714_parallel,120,O3,1.046263,2048
var714_parallel,120,Ofast,1.194415,2048
var714_parallel,120,O2,0.940934,2048
var714_parallel,120,O1,1.099712,2048
var714_parallel,140,O2,1.047998,2048
var714_parallel,140,O1,1.206336,2048
var714_parallel,140,O0,1.532154,2048
var714_parallel,140,O3,1.168322,2048
var714_parallel,140,Ofast,1.060662,2048
var714_parallel_task,1,O0,20.734083,2048
var714_parallel_task,1,Ofast,5.228286,2048
var714_parallel_task,1,O1,17.009753,2048
var714_parallel_task,1,O2,16.882497,2048
var714_parallel_task,1,O3,11.870248,2048
var714_parallel_task,2,O1,8.675118,2048
var714_parallel_task,2,O3,6.157641,2048
var714_parallel_task,2,O2,8.620078,2048
var714_parallel_task,2,O0,10.813293,2048
var714_parallel_task,2,Ofast,2.882386,2048
var714_parallel_task,3,Ofast,3.080640,2048
var714_parallel_task,3,O3,5.340588,2048
var714_parallel_task,3,O0,8.995463,2048
var714_parallel_task,3,O1,6.730600,2048
var714_parallel_task,3,O2,6.771957,2048
var714_parallel_task,4,O1,5.282744,2048
var714_parallel_task,4,O0,7.436584,2048
var714_parallel_task,4,O3,4.331298,2048
var714_parallel_task,4,Ofast,2.623365,2048
var714_parallel_task,4,O2,5.281336,2048
var714_parallel_task,5,O1,4.412003,2048
var714_parallel_task,5,O0,6.460255,2048
var714_parallel_task,5,O3,3.735057,2048
var714_parallel_task,5,O2,4.482305,2048
var714_parallel_task,5,Ofast,2.476512,2048
var714_parallel_task,6,O1,3.879999,2048
var714_parallel_task,6,O0,5.775905,2048
var714_parallel_task,6,O3,3.314840,2048
var714_parallel_task,6,O2,3.960936,2048
var714_parallel_task,6,Ofast,2.210905,2048
var714_parallel_task,7,O0,5.381918,2048
var714_parallel_task,7,O1,3.613896,2048
var714_parallel_task,7,O2,3.425871,2048
var714_parallel_task,7,O3,3.243927,2048
var714_parallel_task,7,Ofast,2.059041,2048
var714_parallel_task,8,Ofast,2.108922,2048
var714_parallel_task,8,O3,3.053359,2048
var714_parallel_task,8,O1,3.380833,2048
var714_parallel_task,8,O2,3.538920,2048
var714_parallel_task,8,O0,5.002695,2048
var714_parallel_task,9,O1,3.411205,2048
var714_parallel_task,9,O0,4.646900,2048
var714_parallel_task,9,Ofast,2.034874,2048
var714_parallel_task,9,O2,3.412312,2048
var714_parallel_task,9,O3,2.895107,2048
var714_parallel_task,10,Ofast,2.003839,2048
var714_parallel_task,10,O3,2.756569,2048
var714_parallel_task,10,O2,2.895660,2048
var714_parallel_task,10,O1,3.187617,2048
var714_parallel_task,10,O0,4.779675,2048
var714_parallel_task,20,O1,2.169820,2048
var714_parallel_task,20,O3,2.247678,2048
var714_parallel_task,20,O0,3.560898,2048
var714_parallel_task,20,O2,2.050226,2048
var714_parallel_task,20,Ofast,2.592628,2048
var714_parallel_task,40,O0,3.549747,2048
var714_parallel_task,40,O2,4.412247,2048
var714_parallel_task,40,O3,4.540741,2048
var714_parallel_task,40,Ofast,4.457193,2048
var714_parallel_task,40,O1,4.275755,2048
var714_parallel_task,60,O3,9.405074,2048
var714_parallel_task,60,O1,8.064413,2048
var714_parallel_task,60,Ofast,9.050250,2048
var714_parallel_task,60,O0,5.041938,2048
var714_parallel_task,60,O2,8.234516,2048
var714_parallel_task,80,O0,15.371507,2048
var714_parallel_task,80,O3,13.594932,2048
var714_parallel_task,80,Ofast,20.501477,2048
var714_parallel_task,80,O2,17.676302,2048
var714_parallel_task,80,O1,16.829127,2048
var714_parallel_task,100,O1,30.989114,2048
var714_parallel_task,100,O0,28.635664,2048
var714_parallel_task,100,Ofast,28.925390,2048
var714_parallel_task,100,O2,29.157052,2048
var714_parallel_task,100,O3,30.302767,2048
var714_parallel_task,120,O0,33.236049,2048
var714_parallel_task,120,Ofast,39.216184,2048
var714_parallel_task,120,O2,35.301422,2048
var714_parallel_task,120,O3,36.771252,2048
var714_parallel_task,120,O1,40.008135,2048
var714_parallel_task,140,O3,42.229484,2048
var714_parallel_task,140,O1,44.477208,2048
var714_parallel_task,140,Ofast,40.554807,2048
var714_parallel_task,140,O2,46.894774,2048
var714_parallel_task,140,O0,45.845528,2048
var714,1,O0,1137.250000,8192
var714,1,O3,638.300000,8192
var714,1,O2,607.920000,8192
var714,1,O1,607.260000,8192
var714,1,Ofast,658.580000,8192
var714,2,Ofast,626.140000,8192
var714,2,O1,574.960000,8192
var714,2,O2,554.590000,8192
var714,2,O0,1077.520000,8192
var714,2,O3,529.970000,8192
var714,3,Ofast,576.070000,8192
var714,3,O2,605.520000,8192
var714,3,O0,1100.700000,8192
var714,3,O3,577.540000,8192
var714,3,O1,641.410000,8192
var714,4,Ofast,548.050000,8192
var714,4,O1,511.910000,8192
var714,4,O0,1113.830000,8192
var714,4,O2,506.540000,8192
var714,4,O3,494.610000,8192
var714,5,O1,521.180000,8192
var714,5,O2,535.540000,8192
var714,5,Ofast,780.690000,8192
var714,5,O0,1239.180000,8192
var714,5,O3,754.230000,8192
var714,6,O3,839.120000,8192
var714,6,O0,1220.310000,8192
var714,6,Ofast,700.970000,8192
var714,6,O1,1326.750000,8192
var714,6,O2,491.210000,8192
var714,7,O3,791.460000,8192
var714,7,O1,866.530000,8192
var714,7,O0,1800,8192
var714,7,O2,790.230000,8192
var714,7,Ofast,738.610000,8192
var714,8,O0,1423.030000,8192
var714,8,O2,644.040000,8192
var714,8,O3,728.420000,8192
var714,8,Ofast,697.320000,8192
var714,8,O1,689.540000,8192
var714,9,O0,1332.780000,8192
var714,9,Ofast,650.590000,8192
var714,9,O2,663.800000,8192
var714,9,O3,712.860000,8192
var714,9,O1,678.480000,8192
var714,10,O2,730.620000,8192
var714,10,Ofast,637.180000,8192
var714,10,O3,627.960000,8192
var714,10,O1,750.920000,8192
var714,10,O0,1294.560000,8192
var714,20,Ofast,669.420000,8192
var714,20,O3,624.190000,8192
var714,20,O0,1669.970000,8192
var714,20,O2,845.800000,8192
var714,20,O1,599.520000,8192
var714,40,Ofast,566.540000,8192
var714,40,O0,1203.180000,8192
var714,40,O2,579.260000,8192
var714,40,O1,571.860000,8192
var714,40,O3,609.500000,8192
var714,60,O2,622.890000,8192
var714,60,O0,1317.930000,8192
var714,60,O3,495.460000,8192
var714,60,O1,611.640000,8192
var714,60,Ofast,566.990000,8192
var714,80,O1,550.660000,8192
var714,80,O2,511.540000,8192
var714,80,O0,1054.900000,8192
var714,80,O3,523.020000,8192
var714,80,Ofast,521.830000,8192
var714,100,O0,1067.480000,8192
var714,100,Ofast,554.050000,8192
var714,100,O3,536.570000,8192
var714,100,O1,511.490000,8192
var714,100,O2,508.450000,8192
var714,120,O3,547.260000,8192
var714,120,Ofast,523.310000,8192
var714,120,O2,534.110000,8192
var714,120,O0,1058.750000,8192
var714,120,O1,514.330000,8192
var714,140,O2,513.910000,8192
var714,140,O1,527.750000,8192
var714,140,Ofast,531.800000,8192
var714,140,O3,517.410000,8192
var714,140,O0,1165.040000,8192
var714_parallel,1,O0,617.250110,8192
var714_parallel,1,O1,523.117894,8192
var714_parallel,1,O3,442.421501,8192
var714_parallel,1,Ofast,370.456071,8192
var714_parallel,1,O2,485.960222,8192
var714_parallel,2,Ofast,193.152334,8192
var714_parallel,2,O1,227.739835,8192
var714_parallel,2,O0,297.979011,8192
var714_parallel,2,O3,217.563587,8192
var714_parallel,2,O2,196.403202,8192
var714_parallel,3,O1,158.590577,8192
var714_parallel,3,Ofast,123.755207,8192
var714_parallel,3,O2,159.347058,8192
var714_parallel,3,O3,134.054831,8192
var714_parallel,3,O0,206.359744,8192
var714_parallel,4,Ofast,94.188636,8192
var714_parallel,4,O3,125.653880,8192
var714_parallel,4,O2,117.143788,8192
var714_parallel,4,O1,116.032959,8192
var714_parallel,4,O0,139.097846,8192
var714_parallel,5,O2,94.463018,8192
var714_parallel,5,O3,87.551314,8192
var714_parallel,5,O1,93.427093,8192
var714_parallel,5,Ofast,114.689373,8192
var714_parallel,5,O0,120.571176,8192
var714_parallel,6,O3,86.934529,8192
var714_parallel,6,Ofast,74.137012,8192
var714_parallel,6,O2,121.207179,8192
var714_parallel,6,O1,84.087632,8192
var714_parallel,6,O0,102.670229,8192
var714_parallel,7,O0,266.043230,8192
var714_parallel,7,O3,89.272453,8192
var714_parallel,7,Ofast,71.810602,8192
var714_parallel,7,O1,115.268475,8192
var714_parallel,7,O2,94.540693,8192
var714_parallel,8,O0,198.251125,8192
var714_parallel,8,O1,103.927454,8192
var714_parallel,8,O3,69.777569,8192
var714_parallel,8,O2,84.132777,8192
var714_parallel,8,Ofast,86.705174,8192
var714_parallel,9,O2,69.196823,8192
var714_parallel,9,Ofast,68.890838,8192
var714_parallel,9,O1,72.214125,8192
var714_parallel,9,O0,145.510273,8192
var714_parallel,9,O3,72.793190,8192
var714_parallel,10,Ofast,63.183133,8192
var714_parallel,10,O0,115.768902,8192
var714_parallel,10,O3,53.354866,8192
var714_parallel,10,O2,85.936878,8192
var714_parallel,10,O1,94.605316,8192
var714_parallel,20,O0,62.597457,8192
var714_parallel,20,Ofast,42.967647,8192
var714_parallel,20,O2,54.102698,8192
var714_parallel,20,O3,44.312664,8192
var714_parallel,20,O1,57.594192,8192
var714_parallel,40,O3,28.035684,8192
var714_parallel,40,O0,33.433717,8192
var714_parallel,40,O2,27.278044,8192
var714_parallel,40,O1,29.498680,8192
var714_parallel,40,Ofast,23.140046,8192
var714_parallel,60,O0,33.523229,8192
var714_parallel,60,O2,23.847876,8192
var714_parallel,60,O1,25.748699,8192
var714_parallel,60,O3,25.277282,8192
var714_parallel,60,Ofast,23.943026,8192
var714_parallel,80,O3,23.893366,8192
var714_parallel,80,O0,33.342127,8192
var714_parallel,80,O1,24.681374,8192
var714_parallel,80,O2,23.763297,8192
var714_parallel,80,Ofast,21.333618,8192
var714_parallel,100,O1,26.167935,8192
var714_parallel,100,O0,30.538040,8192
var714_parallel,100,O3,21.857226,8192
var714_parallel,100,Ofast,22.226190,8192
var714_parallel,100,O2,27.231810,8192
var714_parallel,120,O0,28.541761,8192
var714_parallel,120,O3,25.366064,8192
var714_parallel,120,Ofast,23.696280,8192
var714_parallel,120,O2,24.068452,8192
var714_parallel,120,O1,23.888099,8192
var714_parallel,140,O2,25.606389,8192
var714_parallel,140,O1,24.958780,8192
var714_parallel,140,O0,28.302297,8192
var714_parallel,140,O3,24.503830,8192
var714_parallel,140,Ofast,23.567150,8192
var714_parallel_task,1,O0,758.195126,8192
var714_parallel_task,1,Ofast,382.160588,8192
var714_parallel_task,1,O1,513.157988,8192
var714_parallel_task,1,O2,492.756998,8192
var714_parallel_task,1,O3,447.840765,8192
var714_parallel_task,2,O1,178.556605,8192
var714_parallel_task,2,O3,170.845836,8192
var714_parallel_task,2,O2,191.249598,8192
var714_parallel_task,2,O0,301.246813,8192
var714_parallel_task,2,Ofast,138.085982,8192
var714_parallel_task,3,Ofast,115.295616,8192
var714_parallel_task,3,O3,134.769944,8192
var714_parallel_task,3,O0,238.783847,8192
var714_parallel_task,3,O1,147.318326,8192
var714_parallel_task,3,O2,146.213355,8192
var714_parallel_task,4,O1,112.681065,8192
var714_parallel_task,4,O0,204.308587,8192
var714_parallel_task,4,O3,103.712907,8192
var714_parallel_task,4,Ofast,91.999682,8192
var714_parallel_task,4,O2,123.440929,8192
var714_parallel_task,5,O1,87.919436,8192
var714_parallel_task,5,O0,180.942361,8192
var714_parallel_task,5,O3,85.374789,8192
var714_parallel_task,5,O2,97.290767,8192
var714_parallel_task,5,Ofast,74.342161,8192
var714_parallel_task,6,O1,78.368781,8192
var714_parallel_task,6,O0,155.235043,8192
var714_parallel_task,6,O3,86.838399,8192
var714_parallel_task,6,O2,132.227514,8192
var714_parallel_task,6,Ofast,80.779053,8192
var714_parallel_task,7,O0,242.029888,8192
var714_parallel_task,7,O1,108.863733,8192
var714_parallel_task,7,O2,114.960227,8192
var714_parallel_task,7,O3,87.910763,8192
var714_parallel_task,7,Ofast,75.108457,8192
var714_parallel_task,8,Ofast,54.209190,8192
var714_parallel_task,8,O3,60.132795,8192
var714_parallel_task,8,O1,92.809969,8192
var714_parallel_task,8,O2,84.426347,8192
var714_parallel_task,8,O0,184.690980,8192
var714_parallel_task,9,O1,75.944984,8192
var714_parallel_task,9,O0,170.299326,8192
var714_parallel_task,9,Ofast,64.592765,8192
var714_parallel_task,9,O2,66.816365,8192
var714_parallel_task,9,O3,63.713684,8192
var714_parallel_task,10,Ofast,49.950718,8192
var714_parallel_task,10,O3,52.312952,8192
var714_parallel_task,10,O2,59.201786,8192
var714_parallel_task,10,O1,73.503651,8192
var714_parallel_task,10,O0,96.961015,8192
var714_parallel_task,20,O1,41.697234,8192
var714_parallel_task,20,O3,38.693626,8192
var714_parallel_task,20,O0,54.533108,8192
var714_parallel_task,20,O2,42.499642,8192
var714_parallel_task,20,Ofast,33.611733,8192
var714_parallel_task,40,O0,34.312452,8192
var714_parallel_task,40,O2,38.140135,8192
var714_parallel_task,40,O3,29.507675,8192
var714_parallel_task,40,Ofast,27.483412,8192
var714_parallel_task,40,O1,36.591277,8192
var714_parallel_task,60,O3,33.510339,8192
var714_parallel_task,60,O1,36.907392,8192
var714_parallel_task,60,Ofast,34.306039,8192
var714_parallel_task,60,O0,32.868645,8192
var714_parallel_task,60,O2,39.496013,8192
var714_parallel_task,80,O0,30.188950,8192
var714_parallel_task,80,O3,57.409516,8192
var714_parallel_task,80,Ofast,49.940201,8192
var714_parallel_task,80,O2,54.514454,8192
var714_parallel_task,80,O1,52.497978,8192
var714_parallel_task,100,O1,60.058339,8192
var714_parallel_task,100,O0,57.328649,8192
var714_parallel_task,100,Ofast,93.084155,8192
var714_parallel_task,100,O2,73.141926,8192
var714_parallel_task,100,O3,102.246467,8192
var714_parallel_task,120,O0,91.322626,8192
var714_parallel_task,120,Ofast,112.420078,8192
var714_parallel_task,120,O2,111.314155,8192
var714_parallel_task,120,O3,118.769879,8192
var714_parallel_task,120,O1,125.422830,8192
var714_parallel_task,140,O3,166.625577,8192
var714_parallel_task,140,O1,148.003254,8192
var714_parallel_task,140,Ofast,169.080972,8192
var714_parallel_task,140,O2,165.876739,8192
var714_parallel_task,140,O0,116.248100,8192
var714,1,O0,1.540000,512
var714,1,O3,0.520000,512
var714,1,O2,0.670000,512
var714,1,O1,0.680000,512
var714,1,Ofast,0.300000,512
var714,2,Ofast,0.300000,512
var714,2,O1,0.690000,512
var714,2,O2,0.680000,512
var714,2,O0,1.540000,512
var714,2,O3,0.560000,512
var714,3,Ofast,0.310000,512
var714,3,O2,0.680000,512
var714,3,O0,1.600000,512
var714,3,O3,0.530000,512
var714,3,O1,0.690000,512
var714,4,Ofast,0.300000,512
var714,4,O1,0.700000,512
var714,4,O0,1.550000,512
var714,4,O2,0.680000,512
var714,4,O3,0.610000,512
var714,5,O1,0.700000,512
var714,5,O2,0.680000,512
var714,5,Ofast,0.310000,512
var714,5,O0,1.550000,512
var714,5,O3,0.530000,512
var714,6,O3,0.530000,512
var714,6,O0,1.560000,512
var714,6,Ofast,0.310000,512
var714,6,O1,0.740000,512
var714,6,O2,0.730000,512
var714,7,O3,0.550000,512
var714,7,O1,0.770000,512
var714,7,O0,1.550000,512
var714,7,O2,0.680000,512
var714,7,Ofast,0.310000,512
var714,8,O0,1.610000,512
var714,8,O2,0.670000,512
var714,8,O3,0.520000,512
var714,8,Ofast,0.310000,512
var714,8,O1,0.700000,512
var714,9,O0,1.550000,512
var714,9,Ofast,0.300000,512
var714,9,O2,0.670000,512
var714,9,O3,0.520000,512
var714,9,O1,0.690000,512
var714,10,O2,0.680000,512
var714,10,Ofast,0.320000,512
var714,10,O3,0.530000,512
var714,10,O1,0.770000,512
var714,10,O0,1.560000,512
var714,20,Ofast,0.340000,512
var714,20,O3,0.530000,512
var714,20,O0,1.540000,512
var714,20,O2,0.830000,512
var714,20,O1,0.690000,512
var714,40,Ofast,0.360000,512
var714,40,O0,1.570000,512
var714,40,O2,0.680000,512
var714,40,O1,0.730000,512
var714,40,O3,0.770000,512
var714,60,O2,0.870000,512
var714,60,O0,1.580000,512
var714,60,O3,0.570000,512
var714,60,O1,0.690000,512
var714,60,Ofast,0.300000,512
var714,80,O1,1.330000,512
var714,80,O2,0.670000,512
var714,80,O0,2.740000,512
var714,80,O3,0.550000,512
var714,80,Ofast,0.320000,512
var714,100,O0,2.210000,512
var714,100,Ofast,0.320000,512
var714,100,O3,0.540000,512
var714,100,O1,0.690000,512
var714,100,O2,0.700000,512
var714,120,O3,0.520000,512
var714,120,Ofast,0.310000,512
var714,120,O2,0.680000,512
var714,120,O0,1.550000,512
var714,120,O1,0.690000,512
var714,140,O2,0.670000,512
var714,140,O1,0.690000,512
var714,140,Ofast,0.300000,512
var714,140,O3,0.520000,512
var714,140,O0,1.540000,512
var714_parallel,1,O0,1.183906,512
var714_parallel,1,O1,1.042219,512
var714_parallel,1,O3,0.732458,512
var714_parallel,1,Ofast,0.324782,512
var714_parallel,1,O2,1.040398,512
var714_parallel,2,Ofast,0.169140,512
var714_parallel,2,O1,0.529491,512
var714_parallel,2,O0,0.593390,512
var714_parallel,2,O3,0.371089,512
var714_parallel,2,O2,0.525557,512
var714_parallel,3,O1,0.354766,512
var714_parallel,3,Ofast,0.117717,512
var714_parallel,3,O2,0.355316,512
var714_parallel,3,O3,0.254560,512
var714_parallel,3,O0,0.468607,512
var714_parallel,4,Ofast,0.121223,512
var714_parallel,4,O3,0.209520,512
var714_parallel,4,O2,0.273523,512
var714_parallel,4,O1,0.276084,512
var714_parallel,4,O0,0.319898,512
var714_parallel,5,O2,0.256728,512
var714_parallel,5,O3,0.184267,512
var714_parallel,5,O1,0.247034,512
var714_parallel,5,Ofast,0.103724,512
var714_parallel,5,O0,0.277744,512
var714_parallel,6,O3,0.147871,512
var714_parallel,6,Ofast,0.093448,512
var714_parallel,6,O2,0.195589,512
var714_parallel,6,O1,0.224150,512
var714_parallel,6,O0,0.342295,512
var714_parallel,7,O0,0.363419,512
var714_parallel,7,O3,0.137783,512
var714_parallel,7,Ofast,0.117818,512
var714_parallel,7,O1,0.164996,512
var714_parallel,7,O2,0.173774,512
var714_parallel,8,O0,0.343802,512
var714_parallel,8,O1,0.198007,512
var714_parallel,8,O3,0.196515,512
var714_parallel,8,O2,0.168736,512
var714_parallel,8,Ofast,0.133087,512
var714_parallel,9,O2,0.199025,512
var714_parallel,9,Ofast,0.117149,512
var714_parallel,9,O1,0.174378,512
var714_parallel,9,O0,0.224715,512
var714_parallel,9,O3,0.180842,512
var714_parallel,10,Ofast,0.105505,512
var714_parallel,10,O0,0.373976,512
var714_parallel,10,O3,0.155039,512
var714_parallel,10,O2,0.205906,512
var714_parallel,10,O1,0.189814,512
var714_parallel,20,O0,0.286126,512
var714_parallel,20,Ofast,0.089215,512
var714_parallel,20,O2,0.104342,512
var714_parallel,20,O3,0.094945,512
var714_parallel,20,O1,0.119268,512
var714_parallel,40,O3,0.328624,512
var714_parallel,40,O0,0.141359,512
var714_parallel,40,O2,0.107400,512
var714_parallel,40,O1,0.105882,512
var714_parallel,40,Ofast,0.457620,512
var714_parallel,60,O0,0.353005,512
var714_parallel,60,O2,0.569217,512
var714_parallel,60,O1,0.179583,512
var714_parallel,60,O3,0.646100,512
var714_parallel,60,Ofast,0.103427,512
var714_parallel,80,O3,0.749790,512
var714_parallel,80,O0,1.900967,512
var714_parallel,80,O1,0.174531,512
var714_parallel,80,O2,0.127842,512
var714_parallel,80,Ofast,0.824423,512
var714_parallel,100,O1,1.096854,512
var714_parallel,100,O0,0.572089,512
var714_parallel,100,O3,0.627089,512
var714_parallel,100,Ofast,0.653414,512
var714_parallel,100,O2,0.423991,512
var714_parallel,120,O0,0.690498,512
var714_parallel,120,O3,0.599603,512
var714_parallel,120,Ofast,0.661237,512
var714_parallel,120,O2,0.655730,512
var714_parallel,120,O1,0.685764,512
var714_parallel,140,O2,0.735297,512
var714_parallel,140,O1,0.716365,512
var714_parallel,140,O0,0.334308,512
var714_parallel,140,O3,0.447310,512
var714_parallel,140,Ofast,0.383804,512
var714_parallel_task,1,O0,1.296270,512
var714_parallel_task,1,Ofast,0.333802,512
var714_parallel_task,1,O1,1.058129,512
var714_parallel_task,1,O2,1.047973,512
var714_parallel_task,1,O3,0.742613,512
var714_parallel_task,2,O1,0.555417,512
var714_parallel_task,2,O3,0.399456,512
var714_parallel_task,2,O2,0.553428,512
var714_parallel_task,2,O0,0.713279,512
var714_parallel_task,2,Ofast,0.210469,512
var714_parallel_task,3,Ofast,0.240640,512
var714_parallel_task,3,O3,0.368931,512
var714_parallel_task,3,O0,0.603016,512
var714_parallel_task,3,O1,0.447576,512
var714_parallel_task,3,O2,0.445593,512
var714_parallel_task,4,O1,0.323619,512
var714_parallel_task,4,O0,0.514881,512
var714_parallel_task,4,O3,0.299415,512
var714_parallel_task,4,Ofast,0.209737,512
var714_parallel_task,4,O2,0.371276,512
var714_parallel_task,5,O1,0.320944,512
var714_parallel_task,5,O0,0.429892,512
var714_parallel_task,5,O3,0.307499,512
var714_parallel_task,5,O2,0.335501,512
var714_parallel_task,5,Ofast,0.266272,512
var714_parallel_task,6,O1,0.296417,512
var714_parallel_task,6,O0,0.453725,512
var714_parallel_task,6,O3,0.260954,512
var714_parallel_task,6,O2,0.280584,512
var714_parallel_task,6,Ofast,0.173961,512
var714_parallel_task,7,O0,0.404745,512
var714_parallel_task,7,O1,0.275359,512
var714_parallel_task,7,O2,0.252871,512
var714_parallel_task,7,O3,0.243452,512
var714_parallel_task,7,Ofast,0.260798,512
var714_parallel_task,8,Ofast,0.293344,512
var714_parallel_task,8,O3,0.254304,512
var714_parallel_task,8,O1,0.221812,512
var714_parallel_task,8,O2,0.248258,512
var714_parallel_task,8,O0,0.402748,512
var714_parallel_task,9,O1,0.251053,512
var714_parallel_task,9,O0,0.271379,512
var714_parallel_task,9,Ofast,0.319044,512
var714_parallel_task,9,O2,0.227426,512
var714_parallel_task,9,O3,0.295523,512
var714_parallel_task,10,Ofast,0.322755,512
var714_parallel_task,10,O3,0.334018,512
var714_parallel_task,10,O2,0.240109,512
var714_parallel_task,10,O1,0.206376,512
var714_parallel_task,10,O0,0.325251,512
var714_parallel_task,20,O1,0.541577,512
var714_parallel_task,20,O3,0.591337,512
var714_parallel_task,20,O0,0.438078,512
var714_parallel_task,20,O2,0.592364,512
var714_parallel_task,20,Ofast,0.613958,512
var714_parallel_task,40,O0,1.301853,512
var714_parallel_task,40,O2,1.691553,512
var714_parallel_task,40,O3,2.088244,512
var714_parallel_task,40,Ofast,1.822828,512
var714_parallel_task,40,O1,1.997266,512
var714_parallel_task,60,O3,4.814657,512
var714_parallel_task,60,O1,1.851584,512
var714_parallel_task,60,Ofast,2.245087,512
var714_parallel_task,60,O0,4.937679,512
var714_parallel_task,60,O2,2.510980,512
var714_parallel_task,80,O0,4.728974,512
var714_parallel_task,80,O3,6.435876,512
var714_parallel_task,80,Ofast,4.325256,512
var714_parallel_task,80,O2,5.209273,512
var714_parallel_task,80,O1,6.441503,512
var714_parallel_task,100,O1,6.292116,512
var714_parallel_task,100,O0,7.532318,512
var714_parallel_task,100,Ofast,6.636541,512
var714_parallel_task,100,O2,7.378535,512
var714_parallel_task,100,O3,7.441461,512
var714_parallel_task,120,O0,9.081354,512
var714_parallel_task,120,Ofast,9.120671,512
var714_parallel_task,120,O2,9.250687,512
var714_parallel_task,120,O3,8.959214,512
var714_parallel_task,120,O1,8.769650,512
var714_parallel_task,140,O3,11.408262,512
var714_parallel_task,140,O1,10.294368,512
var714_parallel_task,140,Ofast,10.398337,512
var714_parallel_task,140,O2,10.604379,512
var714_parallel_task,140,O0,11.208853,512
var714,1,O0,0.350000,256
var714,1,O3,0.150000,256
var714,1,O2,0.170000,256
var714,1,O1,0.290000,256
var714,1,Ofast,0.060000,256
var714,2,Ofast,0.060000,256
var714,2,O1,0.170000,256
var714,2,O2,0.160000,256
var714,2,O0,0.430000,256
var714,2,O3,0.120000,256
var714,3,Ofast,0.060000,256
var714,3,O2,0.170000,256
var714,3,O0,0.390000,256
var714,3,O3,0.240000,256
var714,3,O1,0.200000,256
var714,4,Ofast,0.060000,256
var714,4,O1,0.170000,256
var714,4,O0,0.340000,256
var714,4,O2,0.160000,256
var714,4,O3,0.120000,256
var714,5,O1,0.270000,256
var714,5,O2,0.170000,256
var714,5,Ofast,0.130000,256
var714,5,O0,0.510000,256
var714,5,O3,0.220000,256
var714,6,O3,0.120000,256
var714,6,O0,0.340000,256
var714,6,Ofast,0.070000,256
var714,6,O1,0.270000,256
var714,6,O2,0.250000,256
var714,7,O3,0.140000,256
var714,7,O1,0.270000,256
var714,7,O0,0.380000,256
var714,7,O2,0.180000,256
var714,7,Ofast,0.140000,256
var714,8,O0,0.370000,256
var714,8,O2,0.180000,256
var714,8,O3,0.140000,256
var714,8,Ofast,0.090000,256
var714,8,O1,0.180000,256
var714,9,O0,0.500000,256
var714,9,Ofast,0.080000,256
var714,9,O2,0.170000,256
var714,9,O3,0.130000,256
var714,9,O1,0.180000,256
var714,10,O2,0.180000,256
var714,10,Ofast,0.080000,256
var714,10,O3,0.140000,256
var714,10,O1,0.170000,256
var714,10,O0,0.440000,256
var714,20,Ofast,0.170000,256
var714,20,O3,0.200000,256
var714,20,O0,0.720000,256
var714,20,O2,0.160000,256
var714,20,O1,0.180000,256
var714,40,Ofast,0.110000,256
var714,40,O0,0.450000,256
var714,40,O2,0.180000,256
var714,40,O1,0.180000,256
var714,40,O3,0.120000,256
var714,60,O2,0.160000,256
var714,60,O0,0.350000,256
var714,60,O3,0.120000,256
var714,60,O1,0.200000,256
var714,60,Ofast,0.060000,256
var714,80,O1,0.160000,256
var714,80,O2,0.150000,256
var714,80,O0,0.340000,256
var714,80,O3,0.120000,256
var714,80,Ofast,0.060000,256
var714,100,O0,0.340000,256
var714,100,Ofast,0.060000,256
var714,100,O3,0.120000,256
var714,100,O1,0.160000,256
var714,100,O2,0.150000,256
var714,120,O3,0.120000,256
var714,120,Ofast,0.060000,256
var714,120,O2,0.150000,256
var714,120,O0,0.340000,256
var714,120,O1,0.160000,256
var714,140,O2,0.150000,256
var714,140,O1,0.160000,256
var714,140,Ofast,0.060000,256
var714,140,O3,0.120000,256
var714,140,O0,0.340000,256
var714_parallel,1,O0,0.332034,256
var714_parallel,1,O1,0.282197,256
var714_parallel,1,O3,0.200042,256
var714_parallel,1,Ofast,0.094601,256
var714_parallel,1,O2,0.259740,256
var714_parallel,2,Ofast,0.056567,256
var714_parallel,2,O1,0.130698,256
var714_parallel,2,O0,0.514611,256
var714_parallel,2,O3,0.094209,256
var714_parallel,2,O2,0.131831,256
var714_parallel,3,O1,0.092277,256
var714_parallel,3,Ofast,0.041995,256
var714_parallel,3,O2,0.094924,256
var714_parallel,3,O3,0.089386,256
var714_parallel,3,O0,0.134755,256
var714_parallel,4,Ofast,0.040610,256
var714_parallel,4,O3,0.066233,256
var714_parallel,4,O2,0.081495,256
var714_parallel,4,O1,0.088475,256
var714_parallel,4,O0,0.212858,256
var714_parallel,5,O2,0.064894,256
var714_parallel,5,O3,0.063147,256
var714_parallel,5,O1,0.070510,256
var714_parallel,5,Ofast,0.041571,256
var714_parallel,5,O0,0.112973,256
var714_parallel,6,O3,0.046454,256
var714_parallel,6,Ofast,0.034339,256
var714_parallel,6,O2,0.091830,256
var714_parallel,6,O1,0.086188,256
var714_parallel,6,O0,0.087414,256
var714_parallel,7,O0,0.100243,256
var714_parallel,7,O3,0.051489,256
var714_parallel,7,Ofast,0.039376,256
var714_parallel,7,O1,0.056847,256
var714_parallel,7,O2,0.057258,256
var714_parallel,8,O0,0.098065,256
var714_parallel,8,O1,0.059841,256
var714_parallel,8,O3,0.057314,256
var714_parallel,8,O2,0.062635,256
var714_parallel,8,Ofast,0.042835,256
var714_parallel,9,O2,0.059366,256
var714_parallel,9,Ofast,0.031805,256
var714_parallel,9,O1,0.050583,256
var714_parallel,9,O0,0.151956,256
var714_parallel,9,O3,0.046765,256
var714_parallel,10,Ofast,0.040119,256
var714_parallel,10,O0,0.090427,256
var714_parallel,10,O3,0.044193,256
var714_parallel,10,O2,0.054042,256
var714_parallel,10,O1,0.052620,256
var714_parallel,20,O0,0.105947,256
var714_parallel,20,Ofast,0.041706,256
var714_parallel,20,O2,0.040416,256
var714_parallel,20,O3,0.040493,256
var714_parallel,20,O1,0.173161,256
var714_parallel,40,O3,0.563108,256
var714_parallel,40,O0,0.093429,256
var714_parallel,40,O2,0.621349,256
var714_parallel,40,O1,0.118942,256
var714_parallel,40,Ofast,0.604193,256
var714_parallel,60,O0,0.600603,256
var714_parallel,60,O2,0.787329,256
var714_parallel,60,O1,0.222523,256
var714_parallel,60,O3,0.533817,256
var714_parallel,60,Ofast,0.601444,256
var714_parallel,80,O3,0.576726,256
var714_parallel,80,O0,0.933447,256
var714_parallel,80,O1,0.587210,256
var714_parallel,80,O2,0.955958,256
var714_parallel,80,Ofast,0.590193,256
var714_parallel,100,O1,0.601235,256
var714_parallel,100,O0,0.594744,256
var714_parallel,100,O3,0.678107,256
var714_parallel,100,Ofast,0.584808,256
var714_parallel,100,O2,0.602008,256
var714_parallel,120,O0,0.606714,256
var714_parallel,120,O3,0.607452,256
var714_parallel,120,Ofast,0.756191,256
var714_parallel,120,O2,0.605644,256
var714_parallel,120,O1,0.518825,256
var714_parallel,140,O2,0.641612,256
var714_parallel,140,O1,0.708339,256
var714_parallel,140,O0,0.628815,256
var714_parallel,140,O3,0.611114,256
var714_parallel,140,Ofast,0.615085,256
var714_parallel_task,1,O0,0.315558,256
var714_parallel_task,1,Ofast,0.083946,256
var714_parallel_task,1,O1,0.274411,256
var714_parallel_task,1,O2,0.286445,256
var714_parallel_task,1,O3,0.209793,256
var714_parallel_task,2,O1,0.171677,256
var714_parallel_task,2,O3,0.115579,256
var714_parallel_task,2,O2,0.162070,256
var714_parallel_task,2,O0,0.232603,256
var714_parallel_task,2,Ofast,0.049429,256
var714_parallel_task,3,Ofast,0.064971,256
var714_parallel_task,3,O3,0.118312,256
var714_parallel_task,3,O0,0.210750,256
var714_parallel_task,3,O1,0.162643,256
var714_parallel_task,3,O2,0.176657,256
var714_parallel_task,4,O1,0.109525,256
var714_parallel_task,4,O0,0.172412,256
var714_parallel_task,4,O3,0.089940,256
var714_parallel_task,4,Ofast,0.087998,256
var714_parallel_task,4,O2,0.103743,256
var714_parallel_task,5,O1,0.087436,256
var714_parallel_task,5,O0,0.133957,256
var714_parallel_task,5,O3,0.092659,256
var714_parallel_task,5,O2,0.090588,256
var714_parallel_task,5,Ofast,0.095907,256
var714_parallel_task,6,O1,0.096997,256
var714_parallel_task,6,O0,0.134250,256
var714_parallel_task,6,O3,0.105524,256
var714_parallel_task,6,O2,0.104260,256
var714_parallel_task,6,Ofast,0.137389,256
var714_parallel_task,7,O0,0.132968,256
var714_parallel_task,7,O1,0.123585,256
var714_parallel_task,7,O2,0.089084,256
var714_parallel_task,7,O3,0.135702,256
var714_parallel_task,7,Ofast,0.131183,256
var714_parallel_task,8,Ofast,0.166565,256
var714_parallel_task,8,O3,0.155749,256
var714_parallel_task,8,O1,0.146068,256
var714_parallel_task,8,O2,0.153031,256
var714_parallel_task,8,O0,0.145670,256
var714_parallel_task,9,O1,0.146478,256
var714_parallel_task,9,O0,0.178808,256
var714_parallel_task,9,Ofast,0.190038,256
var714_parallel_task,9,O2,0.152713,256
var714_parallel_task,9,O3,0.154901,256
var714_parallel_task,10,Ofast,0.200926,256
var714_parallel_task,10,O3,0.165321,256
var714_parallel_task,10,O2,0.201491,256
var714_parallel_task,10,O1,0.167787,256
var714_parallel_task,10,O0,0.118133,256
var714_parallel_task,20,O1,0.579547,256
var714_parallel_task,20,O3,0.428944,256
var714_parallel_task,20,O0,0.415585,256
var714_parallel_task,20,O2,0.345080,256
var714_parallel_task,20,Ofast,0.448041,256
var714_parallel_task,40,O0,0.941207,256
var714_parallel_task,40,O2,1.270029,256
var714_parallel_task,40,O3,1.247830,256
var714_parallel_task,40,Ofast,1.566190,256
var714_parallel_task,40,O1,1.207978,256
var714_parallel_task,60,O3,1.518496,256
var714_parallel_task,60,O1,1.574194,256
var714_parallel_task,60,Ofast,1.374786,256
var714_parallel_task,60,O0,1.674843,256
var714_parallel_task,60,O2,1.718314,256
var714_parallel_task,80,O0,2.253558,256
var714_parallel_task,80,O3,2.407215,256
var714_parallel_task,80,Ofast,2.129204,256
var714_parallel_task,80,O2,2.529661,256
var714_parallel_task,80,O1,2.383279,256
var714_parallel_task,100,O1,3.345342,256
var714_parallel_task,100,O0,3.702709,256
var714_parallel_task,100,Ofast,3.375113,256
var714_parallel_task,100,O2,3.633587,256
var714_parallel_task,100,O3,3.638748,256
var714_parallel_task,120,O0,4.627419,256
var714_parallel_task,120,Ofast,4.422650,256
var714_parallel_task,120,O2,4.393953,256
var714_parallel_task,120,O3,4.489490,256
var714_parallel_task,120,O1,4.216745,256
var714_parallel_task,140,O3,5.211137,256
var714_parallel_task,140,O1,5.207463,256
var714_parallel_task,140,Ofast,5.163486,256
var714_parallel_task,140,O2,5.385021,256
var714_parallel_task,140,O0,4.932349,256
var714,1,O0,6.250000,1024
var714,1,O3,2.120000,1024
var714,1,O2,2.730000,1024
var714,1,O1,2.810000,1024
var714,1,Ofast,1.230000,1024
var714,2,Ofast,1.250000,1024
var714,2,O1,2.820000,1024
var714,2,O2,2.740000,1024
var714,2,O0,6.250000,1024
var714,2,O3,2.130000,1024
var714,3,Ofast,1.320000,1024
var714,3,O2,2.740000,1024
var714,3,O0,6.260000,1024
var714,3,O3,2.140000,1024
var714,3,O1,2.820000,1024
var714,4,Ofast,1.270000,1024
var714,4,O1,2.840000,1024
var714,4,O0,6.290000,1024
var714,4,O2,2.740000,1024
var714,4,O3,2.130000,1024
var714,5,O1,2.860000,1024
var714,5,O2,2.790000,1024
var714,5,Ofast,1.230000,1024
var714,5,O0,6.350000,1024
var714,5,O3,2.160000,1024
var714,6,O3,2.160000,1024
var714,6,O0,6.550000,1024
var714,6,Ofast,1.240000,1024
var714,6,O1,2.870000,1024
var714,6,O2,2.780000,1024
var714,7,O3,2.160000,1024
var714,7,O1,2.850000,1024
var714,7,O0,6.390000,1024
var714,7,O2,2.750000,1024
var714,7,Ofast,1.330000,1024
var714,8,O0,6.260000,1024
var714,8,O2,2.740000,1024
var714,8,O3,2.180000,1024
var714,8,Ofast,1.260000,1024
var714,8,O1,2.830000,1024
var714,9,O0,6.260000,1024
var714,9,Ofast,1.250000,1024
var714,9,O2,2.770000,1024
var714,9,O3,2.130000,1024
var714,9,O1,2.900000,1024
var714,10,O2,2.760000,1024
var714,10,Ofast,1.250000,1024
var714,10,O3,2.290000,1024
var714,10,O1,2.920000,1024
var714,10,O0,6.310000,1024
var714,20,Ofast,1.460000,1024
var714,20,O3,2.130000,1024
var714,20,O0,6.980000,1024
var714,20,O2,2.800000,1024
var714,20,O1,2.940000,1024
var714,40,Ofast,1.970000,1024
var714,40,O0,6.420000,1024
var714,40,O2,2.730000,1024
var714,40,O1,2.890000,1024
var714,40,O3,2.120000,1024
var714,60,O2,2.730000,1024
var714,60,O0,6.240000,1024
var714,60,O3,2.170000,1024
var714,60,O1,2.800000,1024
var714,60,Ofast,1.370000,1024
var714,80,O1,4.550000,1024
var714,80,O2,2.820000,1024
var714,80,O0,6.220000,1024
var714,80,O3,2.120000,1024
var714,80,Ofast,1.370000,1024
var714,100,O0,6.240000,1024
var714,100,Ofast,1.230000,1024
var714,100,O3,2.120000,1024
var714,100,O1,2.800000,1024
var714,100,O2,2.730000,1024
var714,120,O3,2.120000,1024
var714,120,Ofast,1.230000,1024
var714,120,O2,2.730000,1024
var714,120,O0,6.220000,1024
var714,120,O1,2.800000,1024
var714,140,O2,2.730000,1024
var714,140,O1,2.790000,1024
var714,140,Ofast,1.230000,1024
var714,140,O3,2.120000,1024
var714,140,O0,6.220000,1024
var714_parallel,1,O0,4.768603,1024
var714_parallel,1,O1,4.221965,1024
var714_parallel,1,O3,2.958711,1024
var714_parallel,1,Ofast,1.307284,1024
var714_parallel,1,O2,4.187599,1024
var714_parallel,2,Ofast,0.675818,1024
var714_parallel,2,O1,2.120864,1024
var714_parallel,2,O0,2.412466,1024
var714_parallel,2,O3,1.500196,1024
var714_parallel,2,O2,2.112708,1024
var714_parallel,3,O1,1.429127,1024
var714_parallel,3,Ofast,0.464032,1024
var714_parallel,3,O2,1.411235,1024
var714_parallel,3,O3,1.003149,1024
var714_parallel,3,O0,1.614740,1024
var714_parallel,4,Ofast,0.350835,1024
var714_parallel,4,O3,0.756009,1024
var714_parallel,4,O2,1.072337,1024
var714_parallel,4,O1,1.082045,1024
var714_parallel,4,O0,1.239675,1024
var714_parallel,5,O2,0.872621,1024
var714_parallel,5,O3,0.605450,1024
var714_parallel,5,O1,0.863660,1024
var714_parallel,5,Ofast,0.286521,1024
var714_parallel,5,O0,1.298477,1024
var714_parallel,6,O3,0.507924,1024
var714_parallel,6,Ofast,0.238186,1024
var714_parallel,6,O2,0.743999,1024
var714_parallel,6,O1,0.728964,1024
var714_parallel,6,O0,1.213591,1024
var714_parallel,7,O0,1.029492,1024
var714_parallel,7,O3,0.505985,1024
var714_parallel,7,Ofast,0.210108,1024
var714_parallel,7,O1,0.634399,1024
var714_parallel,7,O2,0.630408,1024
var714_parallel,8,O0,0.634270,1024
var714_parallel,8,O1,0.562395,1024
var714_parallel,8,O3,0.436698,1024
var714_parallel,8,O2,0.602949,1024
var714_parallel,8,Ofast,0.330646,1024
var714_parallel,9,O2,0.534337,1024
var714_parallel,9,Ofast,0.255423,1024
var714_parallel,9,O1,0.567732,1024
var714_parallel,9,O0,0.725578,1024
var714_parallel,9,O3,0.440296,1024
var714_parallel,10,Ofast,0.239307,1024
var714_parallel,10,O0,1.021465,1024
var714_parallel,10,O3,0.448972,1024
var714_parallel,10,O2,0.538534,1024
var714_parallel,10,O1,0.546860,1024
var714_parallel,20,O0,0.923799,1024
var714_parallel,20,Ofast,0.359654,1024
var714_parallel,20,O2,0.368609,1024
var714_parallel,20,O3,0.215636,1024
var714_parallel,20,O1,0.352169,1024
var714_parallel,40,O3,0.643668,1024
var714_parallel,40,O0,0.557611,1024
var714_parallel,40,O2,0.315668,1024
var714_parallel,40,O1,0.320937,1024
var714_parallel,40,Ofast,0.209813,1024
var714_parallel,60,O0,0.493799,1024
var714_parallel,60,O2,0.452236,1024
var714_parallel,60,O1,0.432098,1024
var714_parallel,60,O3,0.310804,1024
var714_parallel,60,Ofast,0.301471,1024
var714_parallel,80,O3,0.361901,1024
var714_parallel,80,O0,0.540899,1024
var714_parallel,80,O1,0.367345,1024
var714_parallel,80,O2,0.354294,1024
var714_parallel,80,Ofast,0.303462,1024
var714_parallel,100,O1,0.359407,1024
var714_parallel,100,O0,0.521449,1024
var714_parallel,100,O3,0.446468,1024
var714_parallel,100,Ofast,0.381308,1024
var714_parallel,100,O2,0.478469,1024
var714_parallel,120,O0,0.455190,1024
var714_parallel,120,O3,0.332488,1024
var714_parallel,120,Ofast,0.407016,1024
var714_parallel,120,O2,0.433892,1024
var714_parallel,120,O1,0.849242,1024
var714_parallel,140,O2,0.595289,1024
var714_parallel,140,O1,0.795109,1024
var714_parallel,140,O0,0.929462,1024
var714_parallel,140,O3,0.461487,1024
var714_parallel,140,Ofast,0.491083,1024
var714_parallel_task,1,O0,5.161349,1024
var714_parallel_task,1,Ofast,1.320012,1024
var714_parallel_task,1,O1,4.253252,1024
var714_parallel_task,1,O2,4.205692,1024
var714_parallel_task,1,O3,2.979298,1024
var714_parallel_task,2,O1,2.182171,1024
var714_parallel_task,2,O3,1.562313,1024
var714_parallel_task,2,O2,2.159000,1024
var714_parallel_task,2,O0,2.719484,1024
var714_parallel_task,2,Ofast,0.763233,1024
var714_parallel_task,3,Ofast,0.804178,1024
var714_parallel_task,3,O3,1.393943,1024
var714_parallel_task,3,O0,2.249793,1024
var714_parallel_task,3,O1,1.705818,1024
var714_parallel_task,3,O2,1.680931,1024
var714_parallel_task,4,O1,1.345912,1024
var714_parallel_task,4,O0,1.835828,1024
var714_parallel_task,4,O3,1.109834,1024
var714_parallel_task,4,Ofast,0.714471,1024
var714_parallel_task,4,O2,1.331126,1024
var714_parallel_task,5,O1,1.123081,1024
var714_parallel_task,5,O0,1.702274,1024
var714_parallel_task,5,O3,0.946752,1024
var714_parallel_task,5,O2,1.127726,1024
var714_parallel_task,5,Ofast,0.621275,1024
var714_parallel_task,6,O1,0.977618,1024
var714_parallel_task,6,O0,1.455485,1024
var714_parallel_task,6,O3,0.864111,1024
var714_parallel_task,6,O2,0.989751,1024
var714_parallel_task,6,Ofast,0.587166,1024
var714_parallel_task,7,O0,1.268415,1024
var714_parallel_task,7,O1,0.888163,1024
var714_parallel_task,7,O2,0.864199,1024
var714_parallel_task,7,O3,0.831700,1024
var714_parallel_task,7,Ofast,0.573950,1024
var714_parallel_task,8,Ofast,0.747413,1024
var714_parallel_task,8,O3,0.889300,1024
var714_parallel_task,8,O1,0.811819,1024
var714_parallel_task,8,O2,0.851446,1024
var714_parallel_task,8,O0,1.076735,1024
var714_parallel_task,9,O1,0.783711,1024
var714_parallel_task,9,O0,0.995392,1024
var714_parallel_task,9,Ofast,0.711443,1024
var714_parallel_task,9,O2,0.806641,1024
var714_parallel_task,9,O3,0.797226,1024
var714_parallel_task,10,Ofast,0.716571,1024
var714_parallel_task,10,O3,0.778587,1024
var714_parallel_task,10,O2,0.747841,1024
var714_parallel_task,10,O1,0.755954,1024
var714_parallel_task,10,O0,1.079379,1024
var714_parallel_task,20,O1,1.019318,1024
var714_parallel_task,20,O3,1.305924,1024
var714_parallel_task,20,O0,0.852248,1024
var714_parallel_task,20,O2,1.016662,1024
var714_parallel_task,20,Ofast,1.408806,1024
var714_parallel_task,40,O0,2.486850,1024
var714_parallel_task,40,O2,3.263376,1024
var714_parallel_task,40,O3,3.679635,1024
var714_parallel_task,40,Ofast,2.848808,1024
var714_parallel_task,40,O1,2.768680,1024
var714_parallel_task,60,O3,5.268624,1024
var714_parallel_task,60,O1,7.929724,1024
var714_parallel_task,60,Ofast,8.368602,1024
var714_parallel_task,60,O0,6.163542,1024
var714_parallel_task,60,O2,6.239801,1024
var714_parallel_task,80,O0,5.967671,1024
var714_parallel_task,80,O3,9.300687,1024
var714_parallel_task,80,Ofast,9.637622,1024
var714_parallel_task,80,O2,9.984618,1024
var714_parallel_task,80,O1,8.173010,1024
var714_parallel_task,100,O1,15.106920,1024
var714_parallel_task,100,O0,14.996060,1024
var714_parallel_task,100,Ofast,15.435049,1024
var714_parallel_task,100,O2,14.894397,1024
var714_parallel_task,100,O3,15.422652,1024
var714_parallel_task,120,O0,19.803600,1024
var714_parallel_task,120,Ofast,19.756852,1024
var714_parallel_task,120,O2,19.038408,1024
var714_parallel_task,120,O3,20.361566,1024
var714_parallel_task,120,O1,19.552556,1024
var714_parallel_task,140,O3,22.857328,1024
var714_parallel_task,140,O1,21.615528,1024
var714_parallel_task,140,Ofast,24.613988,1024
var714_parallel_task,140,O2,20.034535,1024
var714_parallel_task,140,O0,21.811819,1024
